EmployeeID,Name,Age,Gender,JoiningDate,Salary,YearsExperience,PerformanceScore,Attrition,Gender_LabelEnc,Dept_Finance,Dept_HR,Dept_IT,Dept_Marketing,Dept_Sales,City_Austin,City_Boston,City_Chicago,City_New York,City_Seattle,Salary_MinMax,Salary_Zscore,JoiningYear,TenureYears,SalaryPerExperience,Attrition_bin
1,Employee_280,23.0,Male,2019-07-19,64977.66,5.1,3,No,1,False,False,True,False,False,False,False,False,False,True,0.5599575464324059,0.24200552558190053,2019,7,10652.075409836067,0
2,Employee_103,31.0,Male,2023-08-16,60424.78,7.0,3,Yes,1,False,True,False,False,False,False,False,False,False,True,0.49724816243439474,-0.07251071606907908,2023,3,7553.0975,1
3,Employee_172,41.0,Female,2020-04-19,50581.07,5.9,2,No,0,False,False,False,True,False,False,True,False,False,False,0.3616651928953202,-0.7525213188308828,2020,6,7330.589855072463,0
4,Employee_171,31.0,Female,2019-06-24,69688.77,0.6,3,No,0,False,False,True,False,False,False,False,False,False,True,0.6248463214598325,0.5674524100164442,2019,7,43555.48125,0
5,Employee_74,43.0,Male,2018-04-16,40633.13,7.0,5,No,1,True,False,False,False,False,False,True,False,False,False,0.22464660478204357,-1.4397322053399593,2018,8,5079.14125,0
6,Employee_265,32.0,Male,2021-09-13,50735.22,5.6,4,Yes,1,False,False,False,True,False,False,False,False,False,True,0.36378838778367517,-0.7418725253967271,2021,5,7687.154545454546,1
7,Employee_133,33.0,Female,2020-08-26,73106.75,8.1,3,No,0,False,False,False,False,True,False,False,False,False,True,0.6719240876907724,0.8035689392546874,2020,6,8033.708791208792,0
8,Employee_160,27.0,Female,2022-01-28,72360.22,1.0,3,No,0,False,True,False,False,False,True,False,False,False,False,0.661641708968725,0.7519981071924092,2022,4,36180.11,0
9,Employee_38,23.0,Female,2022-03-17,47630.23,1.3,3,No,0,False,True,False,False,False,False,False,False,False,True,0.3210216093445367,-0.956367479176285,2022,4,20708.795652173914,0
10,Employee_82,28.0,Male,2018-06-21,51257.99,8.2,1,No,1,False,False,True,False,False,False,False,False,False,True,0.3709887938283414,-0.7057591958892765,2018,8,5571.520652173913,0
11,Employee_275,32.0,Male,2016-06-19,41097.53,5.7,2,No,1,False,True,False,False,False,False,False,False,True,False,0.23104304789688002,-1.4076511176278483,2016,10,6133.959701492537,0
12,Employee_61,22.0,Female,2015-05-01,52451.44,6.5,3,No,0,False,False,True,False,False,False,True,False,False,False,0.3874268537667599,-0.6233148071510795,2015,11,6993.525333333334,0
13,Employee_228,50.0,Female,2022-01-14,55927.13,9.3,4,Yes,0,False,False,False,False,True,False,True,False,False,False,0.4352994923752992,-0.3832116293946065,2022,4,5429.818446601941,1
14,Employee_276,27.0,Male,2016-09-14,65665.91,5.1,5,No,1,False,True,False,False,False,False,True,False,False,False,0.569437201845382,0.28955033311389927,2016,10,10764.903278688525,0
15,Employee_67,25.0,Male,2025-04-06,73892.66,0.9,3,No,1,False,True,False,False,False,False,False,False,True,False,0.6827488693625663,0.8578601701845433,2025,1,38890.87368421053,0
16,Employee_130,45.0,Female,2019-12-27,83510.3,7.0,4,No,0,False,False,False,False,True,True,False,False,False,False,0.8152180492914534,1.5222536939216338,2019,7,10438.7875,0
17,Employee_139,33.0,Male,2023-05-20,55175.47,4.0,4,No,1,True,False,False,False,False,False,True,False,False,False,0.42494645527000663,-0.4351368455653323,2023,3,11035.094000000001,0
18,Employee_58,49.0,Female,2024-05-28,81665.08,0.0,3,No,0,False,False,True,False,False,False,True,False,False,False,0.7898027935542475,1.394784562422622,2024,2,81665.08,0
19,Employee_89,32.0,Male,2024-03-26,34372.45,0.8,3,No,1,False,False,False,False,True,False,False,False,True,False,0.13841472820970518,-1.872224505549816,2024,2,19095.805555555555,0
20,Employee_186,30.0,Male,2022-10-14,96925.99625000001,1.3,5,No,1,False,False,False,False,True,True,False,False,False,False,1.0,2.449019689001921,2022,4,42141.73750000001,0
21,Employee_123,33.0,Male,2016-04-20,58653.96,7.1,2,No,1,False,False,True,False,False,False,False,True,False,False,0.4728576598577052,-0.1948402417847551,2016,10,7241.22962962963,0
22,Employee_85,39.0,Male,2018-03-23,39905.57,5.5,3,No,1,False,False,False,False,True,False,False,False,True,False,0.21462551056879997,-1.4899925760889325,2018,8,6139.318461538462,0
23,Employee_262,37.0,Female,2023-09-25,44506.96,7.9,2,Yes,0,False,False,False,False,True,False,False,True,False,False,0.27800305015574456,-1.172125228570351,2023,3,5000.78202247191,1
24,Employee_4,45.0,Male,2020-02-25,87784.17,3.2,2,Yes,1,False,True,False,False,False,False,False,False,True,False,0.874084471201888,1.8174957230778754,2020,6,20900.992857142857,1
25,Employee_90,33.0,Female,2024-10-28,66304.87,5.166323024054982,5,Yes,0,False,True,False,False,False,False,True,False,False,False,0.5782379582895161,0.3336901518144377,2024,2,10752.740286446724,1
26,Employee_285,37.0,Male,2024-05-21,96925.99625000001,0.7,4,No,1,False,False,True,False,False,False,True,False,False,False,1.0,2.449019689001921,2024,2,57015.29191176471,0
27,Employee_278,33.0,Female,2018-09-08,49210.2,0.0,4,No,0,True,False,False,False,False,False,False,False,True,False,0.34278342723460575,-0.8472220094249856,2018,8,49210.2,0
28,Employee_129,29.0,Female,2023-02-26,69771.14,12.2,3,No,0,True,False,False,False,False,False,False,True,False,False,0.6259808499253128,0.5731425891612469,2023,3,5285.692424242425,0
29,Employee_156,34.0,Male,2017-06-12,43087.43,4.3,2,No,1,False,True,False,False,False,False,False,False,True,False,0.25845106287149877,-1.2701873871404898,2017,9,8129.703773584906,0
30,Employee_177,22.0,Female,2024-12-09,82067.55,0.2,4,No,0,False,True,False,False,False,True,False,False,False,False,0.7953462398514659,1.4225874809658892,2024,2,68389.625,0
31,Employee_31,47.0,Female,2017-10-26,29622.86,6.9,4,No,0,True,False,False,False,False,False,False,False,False,True,0.07299594644011909,-2.2003296162013317,2017,9,3749.7291139240506,0
32,Employee_91,34.0,Male,2018-06-30,67910.76,7.6,3,No,1,False,True,False,False,False,False,False,True,False,False,0.6003567869580876,0.44462619390315755,2018,8,7896.599999999999,0
33,Employee_15,28.0,Female,2020-07-10,78555.24,4.7,4,No,0,False,False,False,False,True,False,True,False,False,False,0.7469692133297798,1.1799545671370268,2020,6,13781.621052631579,0
34,Employee_116,30.0,Female,2021-08-06,61349.34,5.1,3,No,0,True,False,False,False,False,False,False,True,False,False,0.5099826487527692,-0.008641442909929554,2021,5,10057.268852459016,0
35,Employee_115,39.0,Male,2020-10-14,63444.42,4.7,1,No,1,True,False,False,False,False,False,True,False,False,False,0.5388393671873761,0.1360881980114508,2020,6,11130.599999999999,0
36,Employee_162,31.0,Female,2025-02-18,52510.54,0.0,2,Yes,0,False,False,False,False,True,False,False,True,False,False,0.3882408713982991,-0.6192321364280268,2025,1,52510.54,1
37,Employee_149,22.0,Female,2022-12-16,75338.56,0.1,4,No,0,True,False,False,False,False,False,False,False,False,True,0.7026640655291079,0.9577439874174045,2022,4,68489.59999999999,0
38,Employee_224,47.0,Female,2018-02-03,55555.99,5.166323024054982,3,No,0,False,False,False,True,False,False,True,False,False,False,0.4301875718377446,-0.40885024888959526,2018,8,9009.581525858226,0
39,Employee_140,46.0,Female,2015-12-03,69438.73,1.3,3,Yes,0,True,False,False,False,False,False,True,False,False,False,0.621402379520914,0.5501794660639541,2015,11,30190.752173913042,1
40,Employee_66,36.0,Male,2019-12-28,54134.49,0.0,4,No,1,True,False,False,False,False,False,False,False,True,False,0.41060845063244755,-0.5070484964838361,2019,7,54134.49,0
41,Employee_3,39.0,Female,2024-10-20,52123.16,5.166323024054982,1,No,0,False,False,True,False,False,True,False,False,False,False,0.38290526818162096,-0.6459926268628187,2024,2,8452.87536781097,0
42,Employee_227,33.0,Male,2018-04-19,69799.25,6.9,3,No,1,True,False,False,False,False,False,False,False,True,False,0.6263680248089434,0.5750844482818057,2018,8,8835.348101265823,0
43,Employee_284,36.0,Male,2021-08-11,38048.91,15.5,3,Yes,1,False,False,True,False,False,True,False,False,False,False,0.18905268525960073,-1.6182519910578546,2021,5,2305.9945454545455,1
44,Employee_290,40.0,Male,2021-02-21,26886.54,7.9,3,Yes,1,False,False,False,True,False,True,False,False,False,False,0.03530706783549131,-2.3893565798714502,2021,5,3020.9595505617976,1
45,Employee_128,30.0,Female,2021-05-18,73204.44,5.166323024054982,4,No,0,False,True,False,False,False,False,False,True,False,False,0.6732696271565097,0.8103174350742313,2021,5,11871.651827909052,0
47,Employee_221,25.0,Male,2020-09-08,34426.82,5.5,4,No,1,False,False,True,False,False,False,False,False,True,False,0.13916359688359342,-1.868468586646053,2020,6,5296.433846153846,0
48,Employee_246,34.0,Female,2017-07-27,32915.92,12.9,2,No,0,True,False,False,False,False,False,False,False,True,False,0.11835311905799839,-1.9728426508670438,2017,9,2368.051798561151,0
49,Employee_178,30.0,Female,2017-08-19,54303.64,4.4,5,No,0,False,False,False,False,True,False,False,False,True,False,0.41293824898058407,-0.4953634922062659,2017,9,10056.229629629628,0
50,Employee_283,27.0,Male,2019-06-18,67043.58,1.7,3,Yes,1,True,False,False,False,False,False,False,True,False,False,0.5884126277411974,0.384720772623683,2019,7,24830.955555555556,1
51,Employee_71,27.0,Female,2025-04-19,47093.8,5.166323024054982,2,No,0,False,False,False,True,False,False,True,False,False,False,0.3136330564158294,-0.9934244513584718,2025,1,7637.258024966563,0
52,Employee_269,33.0,Male,2018-12-11,61895.69,2.0,1,No,1,False,False,True,False,False,False,True,False,False,False,0.5175078354362121,0.029100810043369098,2018,8,20631.896666666667,0
53,Employee_299,36.0,Male,2019-02-15,67380.28,6.3,3,Yes,1,False,False,False,False,True,False,True,False,False,False,0.5930501867350937,0.407980252022192,2019,7,9230.175342465753,1
54,Employee_100,22.0,Female,2023-03-22,51083.03,8.0,5,No,0,False,False,False,False,True,False,True,False,False,False,0.3685789710734495,-0.7178455591668624,2023,3,5675.892222222222,0
55,Employee_102,38.0,Male,2025-05-25,61735.27,4.1,3,No,1,True,False,False,False,False,False,True,False,False,False,0.5152982803016685,0.01801888047666586,2025,1,12104.954901960784,0
56,Employee_92,33.0,Male,2017-04-14,78774.77,3.1,4,No,1,False,False,True,False,False,True,False,False,False,False,0.7499929238315024,1.1951198582340115,2017,9,19213.35853658537,0
57,Employee_256,37.0,Male,2017-12-01,61895.69,4.3,4,No,1,False,False,False,False,True,False,False,False,True,False,0.5175078354362121,0.029100810043369098,2017,9,11678.4320754717,0
58,Employee_169,27.0,Male,2019-07-02,60849.75,4.4,5,No,1,False,False,True,False,False,False,False,False,True,False,0.5031015139212854,-0.04315348126069031,2019,7,11268.47222222222,0
59,Employee_19,33.0,Female,2024-05-02,35887.75,5.166323024054982,3,No,0,False,True,False,False,False,False,True,False,False,False,0.15928580971683615,-1.76754648614809,2024,2,5819.959457200179,0
60,Employee_81,27.0,Male,2023-09-18,50588.72,8.9,2,No,1,False,False,False,True,False,False,False,False,False,True,0.36177056065980884,-0.7519928513007413,2023,3,5109.9717171717175,0
61,Employee_75,32.0,Female,2020-08-27,64903.91,10.0,3,No,0,False,True,False,False,False,False,True,False,False,False,0.55894174608848,0.23691082226844626,2020,6,5900.355454545454,0
62,Employee_240,38.0,Female,2021-01-21,72162.12,4.6,3,No,0,False,True,False,False,False,False,True,False,False,False,0.6589131659432101,0.7383132159870489,2021,5,12886.092857142858,0
63,Employee_56,37.0,Male,2018-09-23,43130.37,7.1,4,Yes,1,False,False,False,False,True,False,True,False,False,False,0.2590424997090335,-1.2672210608994088,2018,8,5324.737037037037,1
64,Employee_151,33.0,Male,2017-12-18,59494.7,6.7,3,No,1,True,False,False,False,False,False,True,False,False,False,0.4844376460428206,-0.1367613148186054,2017,9,7726.584415584415,0
65,Employee_207,31.0,Female,2016-03-01,47360.7,8.4,4,No,0,False,True,False,False,False,False,False,False,True,False,0.31730922064354217,-0.9749868064179849,2016,10,5038.372340425532,0
66,Employee_232,50.5,Male,2015-04-23,61295.51,8.1,3,No,1,False,False,False,True,False,False,False,False,True,False,0.5092412178034333,-0.01236005822332909,2015,11,6735.77032967033,0
67,Employee_223,39.0,Male,2019-09-06,68540.39,11.2,4,No,1,False,False,True,False,False,False,True,False,False,False,0.6090290360502376,0.488121489459093,2019,7,5618.064754098361,0
68,Employee_239,27.0,Female,2023-03-18,42095.45,10.3,3,No,0,False,False,False,False,True,False,False,False,True,False,0.2447879628692261,-1.3387140826371733,2023,3,3725.2610619469024,0
69,Employee_241,23.0,Female,2024-11-06,53936.74,5.1,4,No,0,False,False,False,False,True,True,False,False,False,False,0.40788472835432765,-0.5207092094361829,2024,2,8842.088524590165,0
70,Employee_23,25.0,Male,2021-07-26,58843.47,2.6,3,No,1,False,False,False,False,True,True,False,False,False,False,0.4754678879685852,-0.18174875398905704,2021,5,16345.408333333333,0
71,Employee_146,29.0,Male,2018-02-02,54128.62,7.4,3,No,1,False,False,True,False,False,False,False,True,False,False,0.41052759981185316,-0.5074540003272252,2018,8,6443.883333333333,0
72,Employee_259,36.0,Male,2021-09-27,60898.99,1.3,3,Yes,1,False,False,True,False,False,False,False,False,False,True,0.5037797242119283,-0.03975194646537535,2021,5,26477.821739130435,1
73,Employee_254,39.0,Male,2018-09-25,66105.78,2.7,3,No,1,False,True,False,False,False,False,False,False,False,True,0.5754957794356557,0.31993687069341264,2018,8,17866.427027027024,0
74,Employee_174,37.0,Female,2017-08-02,42565.39,3.8,5,Yes,0,False,False,True,False,False,False,True,False,False,False,0.2512607115285419,-1.306250287720228,2017,9,8867.789583333333,1
75,Employee_281,34.0,Female,2022-06-22,61895.69,5.1,3,No,0,False,True,False,False,False,False,False,True,False,False,0.5175078354362121,0.029100810043369098,2022,4,10146.834426229509,0
76,Employee_98,22.0,Male,2015-04-29,62685.55,5.3,3,No,1,False,False,True,False,False,False,False,True,False,False,0.5283870226857486,0.08366490982865724,2015,11,9950.087301587302,0
77,Employee_298,21.0,Female,2023-07-03,61895.69,0.4,4,No,0,False,False,True,False,False,True,False,False,False,False,0.5175078354362121,0.029100810043369098,2023,3,44211.20714285715,0
78,Employee_226,33.0,Male,2017-08-16,80897.4,6.1,4,No,1,False,False,False,False,True,True,False,False,False,False,0.7792291039539081,1.3417526730711289,2017,9,11394.0,0
79,Employee_263,33.0,Female,2024-10-23,63114.74,1.8,5,No,0,False,False,False,True,False,True,False,False,False,False,0.5342984986126577,0.1133136652876595,2024,2,22540.97857142857,0
80,Employee_105,50.5,Female,2019-10-22,75152.05,10.1,3,No,0,False,False,False,False,True,False,True,False,False,False,0.7000951581101844,0.9448597417903899,2019,7,6770.454954954956,0
81,Employee_182,40.0,Male,2017-02-20,79667.38,6.8,3,Yes,1,False,True,False,False,False,True,False,False,False,False,0.7622873447805423,1.2567820022966885,2017,9,10213.766666666668,1
82,Employee_95,34.0,Female,2015-02-11,75437.33,0.0,3,Yes,0,False,True,False,False,False,False,False,False,False,True,0.7040244804439495,0.9645670904176743,2015,11,75437.33,1
83,Employee_244,31.0,Male,2020-01-28,61895.69,0.2,2,Yes,1,False,False,True,False,False,False,True,False,False,False,0.5175078354362121,0.029100810043369098,2020,6,51579.74166666667,1
84,Employee_25,30.0,Male,2023-11-16,67098.56,7.1,5,No,1,False,False,False,False,True,True,False,False,False,False,0.5891698982891167,0.3885188307684111,2023,3,8283.772839506173,0
85,Employee_87,49.0,Male,2016-01-27,51543.5,10.8,4,No,1,False,True,False,False,False,False,False,False,True,False,0.37492128408182324,-0.6860359586957261,2016,10,4368.093220338983,0
86,Employee_279,28.0,Female,2015-07-09,56988.76,4.8,3,No,0,False,False,False,True,False,False,False,True,False,False,0.4499219211091575,-0.30987346154833545,2015,11,9825.64827586207,0
87,Employee_155,33.0,Male,2022-08-13,35726.84,5.8,3,No,1,False,False,False,False,True,False,False,True,False,False,0.15706950553593962,-1.7786622652690114,2022,4,5253.947058823529,0
88,Employee_63,50.5,Female,2017-06-16,60356.27,2.7,5,No,0,False,False,False,False,True,False,True,False,False,False,0.4963045355657525,-0.07724343639456739,2017,9,16312.505405405404,0
89,Employee_287,30.0,Female,2019-03-04,73187.64,5.5,4,No,0,False,False,True,False,False,False,False,False,False,True,0.6730382312815544,0.809156878929607,2019,7,11259.636923076923,0
90,Employee_79,41.0,Male,2024-12-23,70771.48,11.0,4,No,1,True,False,False,False,False,False,False,False,False,True,0.6397590969225037,0.6422467995013261,2024,2,5897.623333333333,0
91,Employee_112,21.0,Male,2022-07-11,41139.9,0.0,3,No,1,False,False,False,False,True,False,False,False,False,True,0.23162663380294302,-1.404724167398817,2022,4,41139.9,0
92,Employee_51,22.0,Female,2019-04-12,52576.6,2.7,3,No,0,False,True,False,False,False,True,False,False,False,False,0.389150753035177,-0.6146686638736297,2019,7,14209.891891891892,0
93,Employee_175,35.0,Male,2017-01-25,74028.57,1.4,4,Yes,1,False,False,False,True,False,False,False,False,False,True,0.6846208344438269,0.8672489312331072,2017,9,30845.237500000003,1
94,Employee_127,30.0,Female,2022-03-04,44975.7,3.0,3,No,0,False,True,False,False,False,True,False,False,False,False,0.2844592705382777,-1.1397443305208792,2022,4,11243.925,0
95,Employee_126,37.0,Female,2017-03-10,60714.05,4.0,3,No,0,False,False,True,False,False,False,False,False,True,False,0.5012324412884618,-0.05252773535744599,2017,9,12142.810000000001,0
96,Employee_164,29.0,Female,2018-08-09,42382.65,3.0,3,No,0,False,True,False,False,False,False,False,False,False,True,0.24874373044584341,-1.3188740990219314,2018,8,10595.6625,0
97,Employee_53,41.0,Male,2022-10-19,65109.23,3.7,3,No,1,False,True,False,False,False,False,True,False,False,False,0.5617697342459697,0.25109447629310294,2022,4,13853.027659574469,0
98,Employee_62,39.0,Female,2015-05-30,25757.96,5.2,4,No,0,False,False,False,True,False,False,False,False,True,False,0.01976249899280813,-2.467319702115494,2015,11,4154.509677419354,0
99,Employee_286,43.0,Female,2021-01-19,70294.78,3.8,5,No,0,True,False,False,False,False,True,False,False,False,False,0.6331932389706464,0.6093160188976158,2021,5,14644.745833333334,0
100,Employee_194,26.0,Female,2018-05-09,83436.89,9.8,1,No,0,False,True,False,False,False,True,False,False,False,False,0.8142069319592824,1.5171824780539633,2018,8,7725.637962962963,0
101,Employee_29,28.0,Female,2021-02-23,94719.88,5.166323024054982,3,Yes,0,False,False,True,False,False,True,False,False,False,False,0.9696139166713151,2.2966195836630687,2021,5,15360.836535889435,1
102,Employee_70,35.0,Male,2020-07-06,69579.35,2.3,4,No,1,False,False,True,False,False,False,False,True,False,False,0.6233392180885461,0.5598935973173506,2020,6,21084.65151515152,0
103,Employee_37,27.0,Female,2021-06-07,51824.44,2.4,1,No,0,False,False,True,False,False,False,False,False,True,False,0.37879082914789153,-0.6666284204058026,2021,5,15242.482352941177,0
104,Employee_41,41.0,Male,2015-02-11,61895.69,5.1,3,No,1,False,False,True,False,False,False,False,False,True,False,0.5175078354362121,0.029100810043369098,2015,11,10146.834426229509,0
105,Employee_154,35.0,Female,2024-03-13,68149.47,5.166323024054982,4,No,0,False,False,False,False,True,True,False,False,False,False,0.603644674417051,0.4611164532652552,2024,2,11051.881280650916,0
106,Employee_12,40.0,Female,2019-06-12,55085.07,2.9,3,No,0,False,False,True,False,False,False,False,True,False,False,0.4237013250857232,-0.44138174291497667,2019,7,14124.376923076923,0
107,Employee_148,39.0,Female,2023-12-25,61895.69,2.9,3,No,0,False,False,True,False,False,False,True,False,False,False,0.5175078354362121,0.029100810043369098,2023,3,15870.689743589744,0
108,Employee_295,39.0,Female,2022-08-02,72241.09,8.0,4,No,0,False,False,False,False,True,False,False,False,True,False,0.66000086429114,0.7437685206740116,2022,4,8026.787777777778,0
109,Employee_257,21.0,Male,2022-05-10,60018.08,5.6,4,Yes,1,False,False,True,False,False,False,True,False,False,False,0.49164645396151807,-0.10060584607018878,2022,4,9093.648484848485,1
110,Employee_291,38.0,Female,2019-04-30,76604.86,4.5,4,No,0,False,False,False,True,False,False,False,False,True,False,0.7201055296038654,1.0452209068184508,2019,7,13928.156363636364,0
111,Employee_214,31.0,Female,2023-07-25,61895.69,3.2,1,No,0,False,True,False,False,False,False,True,False,False,False,0.5175078354362121,0.029100810043369098,2023,3,14737.069047619048,0
112,Employee_119,34.0,Female,2022-02-09,58034.42,3.4,4,No,0,False,True,False,False,False,False,False,True,False,False,0.4643243860261683,-0.23763851284668688,2022,4,13189.640909090907,0
113,Employee_99,28.0,Male,2022-05-02,40979.68,11.9,3,No,1,False,False,True,False,False,True,False,False,False,False,0.22941983338119643,-1.4157922808209409,2022,4,3176.719379844961,0
114,Employee_173,35.0,Female,2019-03-19,67059.04,1.9,3,No,0,False,False,False,False,True,False,False,False,False,True,0.5886255670404121,0.38578876059962824,2019,7,23123.806896551723,0
115,Employee_47,27.0,Male,2025-01-04,79067.07,4.9,3,No,1,False,False,True,False,False,False,True,False,False,False,0.7540189365844454,1.2153121535360143,2025,1,13401.198305084747,0
116,Employee_142,33.0,Female,2015-12-23,44198.77,6.8,5,No,0,True,False,False,False,False,False,True,False,False,False,0.27375817547107306,-1.193415216559144,2015,11,5666.508974358974,0
118,Employee_200,33.0,Male,2015-08-05,61822.58,6.1,2,No,1,True,False,False,False,False,True,False,False,False,False,0.516500850173237,0.024050318392567126,2015,11,8707.405633802817,0
119,Employee_218,40.0,Male,2015-01-15,64459.64,3.5,3,No,1,False,False,True,False,False,False,True,False,False,False,0.5528225648166704,0.20622032950819738,2015,11,14324.364444444444,0
120,Employee_109,28.0,Female,2024-12-16,58076.83,6.8,1,No,0,False,False,False,False,True,False,True,False,False,False,0.4649085228747907,-0.23470879938873956,2024,2,7445.747435897436,0
121,Employee_107,33.0,Female,2015-06-09,44908.26,2.6,3,Yes,0,True,False,False,False,False,False,False,False,False,True,0.28353038138309994,-1.14440313447287,2015,11,12474.516666666666,1
122,Employee_211,32.0,Male,2021-05-20,90297.57,7.9,2,No,1,False,False,False,True,False,False,False,False,True,False,0.9087029469228824,1.9911232120003979,2021,5,10145.794382022472,0
123,Employee_297,21.0,Male,2024-06-06,79371.05,6.5,3,Yes,1,False,False,False,False,True,True,False,False,False,False,0.7582058245647381,1.2363113116814217,2024,2,10582.806666666667,1
124,Employee_16,22.0,Male,2021-08-04,80760.24,2.6,4,No,1,True,False,False,False,False,False,True,False,False,False,0.7773399219176658,1.3322775611189481,2021,5,22433.4,0
125,Employee_114,38.0,Female,2022-01-28,67609.11,7.5,4,No,0,False,False,False,False,True,False,True,False,False,False,0.596201991381881,0.42378799384209376,2022,4,7954.012941176471,0
126,Employee_8,37.0,Male,2021-02-24,43141.52,9.4,4,No,1,False,False,False,False,True,True,False,False,False,False,0.259196074947471,-1.2664508108391377,2021,5,4148.223076923076,0
127,Employee_271,41.0,Female,2016-05-14,61895.69,3.3,3,No,0,False,False,True,False,False,False,False,False,True,False,0.5175078354362121,0.029100810043369098,2016,10,14394.346511627908,0
128,Employee_147,21.0,Female,2019-08-16,93182.87,8.2,3,Yes,0,False,False,False,True,False,False,False,False,True,False,0.9484438110900604,2.1904418217673074,2019,7,10128.572826086956,1
129,Employee_217,27.0,Female,2018-09-01,61895.69,0.0,4,No,0,False,False,False,False,True,False,False,False,False,True,0.5175078354362121,0.029100810043369098,2018,8,61895.69,0
130,Employee_208,39.0,Male,2022-11-22,54559.26,7.5,3,No,1,False,False,True,False,False,False,True,False,False,False,0.41645904740654116,-0.47770507782002597,2022,4,6418.7364705882355,0
131,Employee_9,38.0,Male,2020-06-09,82431.51,5.166323024054982,3,No,1,False,False,True,False,False,False,False,False,True,False,0.8003592661996051,1.4477301008704964,2020,6,13368.016835711102,0
132,Employee_28,39.0,Female,2019-02-16,67424.93,1.5,2,Yes,0,False,False,True,False,False,False,False,True,False,False,0.5936651763670433,0.41106470629942193,2019,7,26969.971999999998,1
133,Employee_274,33.0,Male,2019-12-06,35352.17,4.7,4,Yes,1,True,False,False,False,False,False,True,False,False,False,0.15190896431751644,-1.804544739715817,2019,7,6202.135087719298,1
134,Employee_59,21.0,Male,2018-06-03,65760.98,4.8,3,No,1,False,False,False,False,True,True,False,False,False,False,0.5707466545734774,0.2961178374394594,2018,8,11338.1,0
135,Employee_203,30.0,Female,2020-02-23,67310.4,7.8,4,No,0,False,True,False,False,False,False,True,False,False,False,0.5920876900837914,0.40315289110633834,2020,6,7648.90909090909,0
136,Employee_161,43.0,Female,2024-12-17,49424.82,6.3,3,No,0,False,True,False,False,False,False,True,False,False,False,0.34573950953716004,-0.8323959046774118,2024,2,6770.523287671233,0
137,Employee_235,36.0,Female,2024-05-14,62900.94,8.3,3,No,0,False,True,False,False,False,False,False,True,False,False,0.5313537106325715,0.09854420673285946,2024,2,6763.5419354838705,0
138,Employee_32,33.0,Male,2016-10-20,72986.33,6.5,3,No,1,False,True,False,False,False,False,False,False,False,True,0.6702654751156463,0.7952502386037565,2016,10,9731.510666666667,0
139,Employee_2,39.0,Male,2015-06-27,53583.11,5.1,3,No,1,True,False,False,False,False,False,False,True,False,False,0.40301398292215795,-0.5451382254732924,2015,11,8784.116393442624,0
140,Employee_289,31.0,Female,2020-05-13,50205.63,8.1,3,No,0,False,False,False,False,True,False,True,False,False,False,0.35649404603262813,-0.7784569854343172,2020,6,5517.102197802198,0
141,Employee_14,38.0,Female,2022-05-30,47662.66,2.5,4,Yes,0,False,False,False,False,True,True,False,False,False,False,0.32146828602458444,-0.954127191332823,2022,4,13617.902857142859,1
142,Employee_10,34.0,Male,2022-03-27,74417.61,4.8,3,Yes,1,False,True,False,False,False,True,False,False,False,False,0.6899793017767208,0.8941240956679034,2022,4,12830.622413793104,1
143,Employee_288,33.0,Female,2021-03-06,48109.59,3.0,3,Yes,0,False,True,False,False,False,True,False,False,False,False,0.3276241049765952,-0.923252943849676,2021,5,12027.3975,1
144,Employee_96,35.0,Female,2023-09-20,94469.38,4.7,3,No,0,False,False,False,False,True,False,True,False,False,False,0.9661636388929635,2.279314862578048,2023,3,16573.57543859649,0
145,Employee_35,32.0,Female,2024-10-26,89003.14,7.3,4,No,0,False,False,False,False,True,False,False,False,False,True,0.8908740324932147,1.9017030518643345,2024,2,10723.269879518071,0
146,Employee_97,33.0,Male,2018-09-13,50827.23,2.7,3,No,1,False,True,False,False,False,False,False,True,False,False,0.3650556934059751,-0.7355164080832228,2018,8,13737.08918918919,0
147,Employee_190,34.0,Female,2018-09-12,81697.56,7.2,2,No,0,False,True,False,False,False,False,True,False,False,False,0.7902501589124944,1.3970283043022285,2018,8,9963.117073170732,0
148,Employee_293,27.0,Male,2023-02-14,87032.47,5.7,2,No,1,True,False,False,False,False,False,False,False,False,True,0.8637308831540358,1.7655677436782338,2023,3,12989.920895522388,0
149,Employee_272,29.0,Male,2018-06-15,52977.26,1.6,3,No,1,False,False,False,True,False,False,False,True,False,False,0.39466926918158174,-0.5869907814388011,2018,8,20375.869230769233,0
150,Employee_242,32.0,Female,2018-03-28,56861.67,5.166323024054982,3,No,0,False,True,False,False,False,True,False,False,False,False,0.4481714388622484,-0.3186529306209717,2018,8,9221.325217342845,0
151,Employee_195,38.0,Female,2018-06-01,24323.14625,7.0,2,No,0,False,False,True,False,False,False,True,False,False,False,0.0,-2.566437673184168,2018,8,3040.39328125,0
152,Employee_46,21.0,Female,2022-05-03,87911.67,4.5,3,No,0,False,False,False,False,True,False,False,False,False,True,0.875840600610031,1.826303515246898,2022,4,15983.94,0
153,Employee_215,35.0,Female,2024-05-17,64289.77,4.3,5,No,0,False,False,False,True,False,False,True,False,False,False,0.5504828495024643,0.19448558711014324,2024,2,12130.145283018868,0
154,Employee_33,33.0,Male,2015-07-01,48185.97,11.7,4,No,1,False,True,False,False,False,False,False,False,True,False,0.3286761297938029,-0.9179765582350095,2015,11,3794.1708661417324,0
155,Employee_78,34.0,Female,2016-07-23,61895.69,5.166323024054982,4,No,0,False,True,False,False,False,False,False,False,True,False,0.5175078354362121,0.029100810043369098,2016,10,10037.698277975927,0
156,Employee_236,26.0,Female,2021-03-25,79904.53,9.0,4,No,0,False,False,True,False,False,False,False,False,True,False,0.7655537454796884,1.2731644957310702,2021,5,7990.4529999999995,0
157,Employee_134,37.0,Male,2019-05-22,59422.37,8.2,5,No,1,False,False,False,False,True,True,False,False,False,False,0.483441404159754,-0.1417579235055494,2019,7,6458.953260869566,0
158,Employee_145,29.0,Male,2022-12-17,50934.92,5.6,4,No,1,False,False,False,False,True,False,False,False,True,False,0.36653896851156664,-0.7280771050347365,2022,4,7717.412121212122,0
159,Employee_157,24.0,Female,2021-07-29,68381.11,2.8,3,Yes,0,False,False,False,False,True,False,False,False,False,True,0.6068351827786375,0.47711831191648973,2021,5,17995.02894736842,1
160,Employee_64,34.0,Female,2020-04-28,45180.96,7.6,4,No,0,False,True,False,False,False,False,False,False,False,True,0.2872864322819283,-1.125564821339596,2020,6,5253.6,0
161,Employee_83,21.0,Female,2024-06-30,62420.3,0.0,1,No,0,False,False,False,False,True,False,False,True,False,False,0.5247335848386117,0.06534124808094541,2024,2,62420.3,0
162,Employee_237,35.0,Male,2025-04-24,63148.68,1.8,4,No,1,False,False,True,False,False,False,False,False,True,False,0.5347659733743234,0.11565826502269205,2025,1,22553.100000000002,0
163,Employee_229,25.0,Male,2019-03-27,65298.11,2.2,3,No,1,True,False,False,False,False,True,False,False,False,False,0.5643712850115388,0.26414244323337727,2019,7,20405.659375,0
164,Employee_238,43.0,Male,2023-05-29,48469.71,4.4,5,No,1,False,False,False,False,True,True,False,False,False,False,0.3325842408390304,-0.8983755939209822,2023,3,8975.872222222222,0
165,Employee_42,29.0,Female,2015-11-13,61895.69,4.4,3,Yes,0,True,False,False,False,False,False,False,False,True,False,0.5175078354362121,0.029100810043369098,2015,11,11462.164814814814,1
166,Employee_185,28.0,Female,2017-12-22,63157.06,4.0,3,No,0,False,True,False,False,False,False,False,False,True,False,0.5348813958405213,0.11623716148054607,2017,9,12631.412,0
167,Employee_165,47.0,Female,2025-04-28,72544.86,1.6,3,No,0,False,False,False,False,True,False,True,False,False,False,0.6641848598229959,0.7647531718676118,2025,1,27901.86923076923,0
168,Employee_110,28.0,Male,2016-08-07,51438.81,9.3,4,No,1,False,False,False,True,False,False,False,False,False,True,0.37347932966818786,-0.6932680195755301,2016,10,4994.05922330097,0
169,Employee_180,33.0,Male,2015-09-28,53177.7,5.7,2,Yes,1,False,False,False,False,True,False,True,False,False,False,0.39743004234682244,-0.5731442413418689,2015,11,7936.970149253731,1
170,Employee_222,33.0,Male,2023-12-06,62857.5,6.0,3,No,1,False,False,True,False,False,True,False,False,False,False,0.5307553870130443,0.09554334013033111,2023,3,8979.642857142857,0
171,Employee_122,25.0,Female,2015-12-13,62313.71,1.4,3,No,0,True,False,False,False,False,False,False,True,False,False,0.5232654606534041,0.05797793382764221,2015,11,25964.045833333334,0
172,Employee_52,33.0,Male,2024-07-24,69733.4,4.6,3,Yes,1,False,False,False,True,False,False,False,False,False,True,0.6254610356205024,0.5705354826792159,2024,2,12452.392857142857,1
173,Employee_57,28.0,Female,2023-03-01,51551.12,7.7,3,No,0,False,True,False,False,False,False,False,True,False,False,0.3750262386393922,-0.6855095635872714,2023,3,5925.416091954024,0
174,Employee_270,28.0,Female,2021-03-11,57134.58,0.0,3,Yes,0,False,False,False,False,True,True,False,False,False,False,0.45193038220951376,-0.29980011053588934,2021,5,57134.58,1
175,Employee_159,21.0,Female,2015-09-21,43488.31,6.7,3,No,0,True,False,False,False,False,False,True,False,False,False,0.2639726092019803,-1.242494306946625,2015,11,5647.8324675324675,0
176,Employee_86,33.0,Male,2019-11-29,51797.12,3.3,1,No,1,False,False,True,False,False,False,True,False,False,False,0.3784145353798095,-0.6685157057552747,2019,7,12045.841860465118,0
177,Employee_121,21.0,Male,2017-01-31,77452.28,3.3,3,No,1,False,True,False,False,False,True,False,False,False,False,0.7317775231964034,1.1037612930135345,2017,9,18012.158139534884,0
178,Employee_294,34.0,Male,2022-11-24,71894.02,0.2,4,Yes,1,False,False,True,False,False,False,False,True,False,False,0.6552204734387148,0.719792674179089,2022,4,59911.68333333334,1
179,Employee_296,31.0,Male,2016-08-20,53104.04,3.9,4,Yes,1,False,False,False,False,True,False,False,True,False,False,0.39641548162365525,-0.5782327273902624,2016,10,10837.55918367347,1
180,Employee_209,34.0,Male,2020-08-09,59084.35,4.9,5,No,1,False,False,False,True,False,True,False,False,False,False,0.478785664061397,-0.16510858945827936,2020,6,10014.296610169491,0
181,Employee_247,23.0,Female,2021-01-14,60916.73,2.4,3,Yes,0,False,False,True,False,False,False,False,True,False,False,0.50402406723703,-0.03852645444123019,2021,5,17916.685294117648,1
182,Employee_213,34.0,Female,2018-05-12,44134.27,3.4,4,No,0,False,False,True,False,False,False,False,False,False,True,0.27286978059401246,-1.197870923185826,2018,8,10030.515909090907,0
183,Employee_88,21.0,Male,2023-09-27,61895.69,9.2,5,No,1,False,False,True,False,False,False,False,True,False,False,0.5175078354362121,0.029100810043369098,2023,3,6068.204901960785,0
184,Employee_166,32.0,Male,2020-07-16,70209.87,11.6,4,No,1,False,True,False,False,False,True,False,False,False,False,0.632023725652643,0.6034503747166609,2020,6,5572.211904761904,0
185,Employee_243,26.0,Male,2025-01-11,52892.41,6.3,3,No,1,False,False,False,True,False,False,False,True,False,False,0.39350058227741747,-0.592852280776382,2025,1,7245.535616438357,0
186,Employee_189,41.0,Female,2017-01-07,68086.98,5.7,3,No,0,False,False,False,False,True,False,False,False,False,True,0.6027839644036012,0.45679959889159033,2017,9,10162.235820895521,0
187,Employee_106,30.0,Female,2019-02-22,50244.44,12.8,3,Yes,0,False,False,True,False,False,False,False,False,False,True,0.3570285980509029,-0.7757759625787892,2019,7,3640.901449275362,1
188,Employee_245,36.0,Female,2017-12-31,77596.87,4.0,5,No,0,False,True,False,False,False,False,True,False,False,False,0.7337690428130574,1.1137496747368205,2017,9,15519.374,0
189,Employee_183,38.0,Male,2016-03-09,48284.69,4.8,3,No,1,True,False,False,False,False,False,False,False,True,False,0.33003585603044505,-0.9111569092708846,2016,10,8324.946551724139,0
190,Employee_50,34.0,Female,2016-12-15,96925.99625000001,11.6,3,No,0,False,False,True,False,False,False,False,False,True,False,1.0,2.449019689001921,2016,10,7692.539384920636,0
191,Employee_266,29.0,Male,2015-01-11,47492.47,5.166323024054982,4,No,1,False,False,False,True,False,True,False,False,False,False,0.3191241631699031,-0.9658840395622033,2015,11,7701.91081698618,0
192,Employee_6,33.0,Female,2021-02-07,69887.86,6.4,3,No,0,True,False,False,False,False,True,False,False,False,False,0.6275885003136928,0.5812056911374692,2021,5,9444.305405405405,0
193,Employee_18,27.0,Female,2022-08-25,60984.74,8.7,4,No,0,True,False,False,False,False,False,False,False,True,False,0.5049608073236793,-0.03382827447718953,2022,4,6287.086597938144,0
194,Employee_249,32.0,Male,2021-03-03,67856.4,4.7,2,No,1,False,True,False,False,False,False,True,False,False,False,0.5996080560198394,0.4408709658066236,2021,5,11904.631578947367,0
195,Employee_117,40.0,Male,2023-03-17,42218.7,4.3,4,No,1,False,False,True,False,False,False,True,False,False,False,0.2464855546304311,-1.3301998835404514,2023,3,7965.792452830188,0
198,Employee_188,36.0,Male,2015-12-23,63659.46,2.4,3,No,1,False,False,True,False,False,False,False,False,False,True,0.5418012343868043,0.15094331666264013,2015,11,18723.370588235295,0
199,Employee_163,48.0,Male,2023-08-06,62880.74,6.2,2,No,1,True,False,False,False,False,True,False,False,False,False,0.5310754846400657,0.0971487761303944,2023,3,8733.43611111111,0
200,Employee_135,27.0,Male,2019-03-21,52656.91,0.0,4,No,1,False,False,True,False,False,False,False,True,False,False,0.3902569079588474,-0.6091207910179885,2019,7,52656.91,0
201,Employee_250,33.0,Male,2017-11-13,64201.82,3.9,4,No,1,False,False,False,True,False,True,False,False,False,False,0.5492714645499452,0.1884099375315902,2017,9,13102.412244897958,0
202,Employee_191,34.0,Female,2023-10-05,71607.49,6.0,4,No,0,True,False,False,False,False,True,False,False,False,False,0.6512739341499679,0.6999989746481866,2023,3,10229.641428571429,0
203,Employee_65,25.0,Female,2023-09-30,48433.7,4.3,3,Yes,0,False,False,False,True,False,False,False,True,False,False,0.3320882547999148,-0.900863190752406,2023,3,9138.433962264151,1
204,Employee_27,34.0,Male,2018-01-20,76245.77,6.7,3,No,1,False,True,False,False,False,False,False,True,False,False,0.7151595805123352,1.0204147100343386,2018,8,9902.048051948052,0
205,Employee_231,39.0,Female,2024-09-10,67202.19,3.3,3,No,0,False,False,False,False,True,False,True,False,False,False,0.5905972527249275,0.3956776660819472,2024,2,15628.416279069768,0
206,Employee_170,33.0,Female,2021-10-06,68998.93,1.4,4,No,0,True,False,False,False,False,False,False,True,False,False,0.6153447660801193,0.5197977641350428,2021,5,28749.554166666665,0
207,Employee_181,33.0,Female,2020-09-19,50836.65,4.9,3,No,0,False,False,False,True,False,True,False,False,False,False,0.3651854403787179,-0.7348656676735587,2020,6,8616.381355932202,0
208,Employee_101,36.0,Female,2025-03-15,72072.05,8.9,4,No,0,False,False,False,False,True,True,False,False,False,False,0.657672581035042,0.7320911152759603,2025,1,7280.00505050505,0
209,Employee_198,26.0,Male,2023-10-05,36079.45,3.6,4,No,1,False,False,True,False,False,False,False,False,False,True,0.16192620193284418,-1.754303711569254,2023,3,7843.358695652174,0
210,Employee_210,26.0,Female,2023-04-01,38425.83,5.3,3,No,0,True,False,False,False,False,False,True,False,False,False,0.19424421699699113,-1.592214084984537,2023,3,6099.338095238096,0
211,Employee_136,36.0,Female,2017-07-28,55627.65,6.0,3,No,0,False,True,False,False,False,True,False,False,False,False,0.43117458543294096,-0.4038999242869898,2017,9,7946.807142857143,0
212,Employee_292,25.0,Female,2018-11-10,68694.65,7.6,2,No,0,False,True,False,False,False,False,False,True,False,False,0.6111537460306309,0.49877788177276666,2018,8,7987.75,0
213,Employee_268,46.0,Male,2021-01-09,54901.28,5.4,3,Yes,1,False,False,False,True,False,False,False,False,False,True,0.4211698817608399,-0.4540780889757193,2021,5,8578.324999999999,1
214,Employee_199,38.0,Female,2015-08-06,61498.58,9.3,1,No,0,False,False,False,False,True,False,False,False,False,True,0.5120382154419557,0.0016681641748154416,2015,11,5970.735922330096,0
215,Employee_118,29.0,Female,2015-08-09,74653.49,7.3,3,Yes,0,True,False,False,False,False,False,False,True,False,False,0.6932282100496054,0.9104188565842102,2015,11,8994.396385542168,1
216,Employee_167,23.0,Male,2021-09-01,44451.36,5.166323024054982,3,No,1,False,False,True,False,False,False,True,False,False,False,0.2772372399981543,-1.1759661167632738,2021,5,7208.730361123497,0
217,Employee_260,33.0,Female,2019-10-27,72272.81,11.2,3,No,0,False,False,False,False,True,False,False,True,False,False,0.660437761740758,0.7459597612042186,2019,7,5924.000819672131,0
218,Employee_137,22.0,Male,2021-02-13,75705.14,8.2,1,No,1,False,False,False,False,True,True,False,False,False,False,0.7077131786148889,0.9830675988159954,2021,5,8228.819565217393,0
219,Employee_30,33.0,Male,2017-10-28,66390.39,0.0,4,No,1,True,False,False,False,False,False,False,True,False,False,0.5794158734815505,0.33959793523635806,2017,9,66390.39,0
220,Employee_80,42.0,Female,2016-01-24,45952.29,7.6,3,No,0,False,True,False,False,False,False,True,False,False,False,0.29791039539081454,-1.072280787349539,2016,10,5343.289534883721,0
221,Employee_205,26.0,Male,2017-05-14,67049.97,4.5,5,No,1,False,False,False,False,True,False,False,False,True,False,0.5885006408150644,0.3851621984429775,2017,9,12190.903636363637,0
222,Employee_141,45.0,Female,2020-06-05,61016.3,4.4,3,No,0,False,False,True,False,False,True,False,False,False,False,0.5053955010030597,-0.031648086862645225,2020,6,11299.314814814814,0
223,Employee_158,50.5,Male,2022-07-16,88447.42,3.1,3,Yes,1,False,False,False,False,True,False,False,True,False,False,0.8832197875152283,1.8633135125375166,2022,4,21572.541463414636,1
224,Employee_132,31.0,Female,2017-02-12,52887.39,0.9,3,No,0,False,False,False,False,True,False,True,False,False,False,0.3934314389862106,-0.5931990660053117,2017,9,27835.468421052632,0
225,Employee_40,27.0,Female,2022-01-27,76065.62,5.5,3,No,0,False,True,False,False,False,False,False,False,True,False,0.7126782729603589,1.0079698178049308,2022,4,11702.403076923076,0
226,Employee_179,33.0,Female,2016-07-24,50392.6,7.4,3,No,0,True,False,False,False,False,False,True,False,False,False,0.359069289290985,-0.7655409626747707,2016,10,5999.119047619047,0
227,Employee_206,45.0,Female,2020-01-16,61292.16,2.5,3,No,0,False,False,True,False,False,False,False,False,True,False,0.5091950763640821,-0.012591478645024879,2020,6,17512.045714285716,0
228,Employee_216,28.0,Female,2022-05-29,74890.33,3.5,2,No,0,False,False,False,False,True,False,False,False,False,True,0.696490340943916,0.9267799349944948,2022,4,16642.295555555556,0
229,Employee_233,29.0,Male,2017-09-08,68687.67,1.6,4,No,1,False,False,True,False,False,False,True,False,False,False,0.6110576065540126,0.49829569832696474,2017,9,26418.334615384614,0
230,Employee_55,33.0,Male,2017-07-05,73862.29,7.4,3,No,1,False,False,False,False,True,False,False,False,False,True,0.6823305662243284,0.8557621886302429,2017,9,8793.12976190476,0
231,Employee_300,28.0,Male,2020-03-20,75223.78,0.5,4,Yes,1,False,True,False,False,False,False,False,False,True,False,0.7010831358548597,0.9498149020435974,2020,6,50149.18666666667,1
232,Employee_201,26.0,Female,2015-09-06,55442.54,2.2,4,No,0,True,False,False,False,False,False,True,False,False,False,0.4286249610035969,-0.41668745690195286,2015,11,17325.79375,0
233,Employee_44,33.0,Male,2023-09-22,67440.96,7.7,4,No,1,False,False,True,False,False,False,True,False,False,False,0.59388596659773,0.41217207028741837,2023,3,7751.8344827586225,0
234,Employee_264,39.0,Male,2023-10-14,51676.92,5.2,5,No,1,True,False,False,False,False,False,True,False,False,False,0.37675895298876005,-0.6768192086471694,2023,3,8334.987096774194,0
235,Employee_49,35.0,Male,2019-09-24,94136.42,5.2,4,No,1,False,False,False,True,False,False,True,False,False,False,0.9615775930283728,2.2563137450831627,2019,7,15183.293548387097,0
236,Employee_36,34.0,Female,2020-09-04,41432.77,9.8,3,No,0,True,False,False,False,False,False,True,False,False,False,0.2356604974873575,-1.3844924960847649,2020,6,3836.3675925925922,0
237,Employee_60,31.0,Male,2018-08-06,45901.8,6.1,2,No,1,False,False,True,False,False,False,True,False,False,False,0.2972149681451899,-1.075768673048472,2018,8,6465.042253521127,0
238,Employee_144,31.0,Male,2016-08-28,87230.59,7.5,3,No,1,False,False,False,False,True,True,False,False,False,False,0.8664597016508304,1.7792540164980513,2016,10,10262.422352941176,0
239,Employee_54,31.0,Male,2015-08-03,46480.59,0.0,3,No,1,False,False,True,False,False,False,True,False,False,False,0.3051869692443202,-1.0357854414444831,2015,11,46480.59,0
240,Employee_21,37.0,Female,2017-12-14,68503.41,10.4,5,No,0,False,False,True,False,False,False,False,False,True,False,0.6085196896540562,0.4855668843264623,2017,9,6009.071052631579,0
241,Employee_125,25.0,Male,2024-06-11,78227.33,9.9,5,No,1,False,False,False,True,False,False,False,False,True,False,0.7424527239633154,1.1573023072927582,2024,2,7176.819266055046,0
242,Employee_143,33.0,Male,2020-12-08,96051.23,6.1,4,Yes,1,False,False,False,True,False,False,False,True,False,False,0.9879513510833251,2.388590204088388,2020,6,13528.342253521127,1
243,Employee_111,21.0,Male,2023-11-13,57285.14,2.4,1,Yes,1,False,False,False,True,False,False,False,False,False,True,0.454004130003161,-0.2893993168969244,2023,3,16848.570588235296,1
244,Employee_255,28.0,Male,2022-11-03,67725.64,5.166323024054982,2,No,1,False,False,True,False,False,False,False,False,True,False,0.5978070247931038,0.4318379704809659,2022,4,10983.148261257245,0
245,Employee_77,37.0,Male,2022-06-06,52547.11,8.0,3,No,1,True,False,False,False,False,False,True,False,False,False,0.3887445706332464,-0.6167058543917824,2022,4,5838.567777777778,0
246,Employee_282,35.0,Male,2023-02-28,61895.69,5.9,4,No,1,False,False,False,False,True,False,True,False,False,False,0.5175078354362121,0.029100810043369098,2023,3,8970.389855072464,0
247,Employee_273,33.0,Female,2019-10-07,62600.12,5.2,3,No,0,False,True,False,False,False,True,False,False,False,False,0.5272103471144728,0.07776334367179757,2019,7,10096.793548387097,0
248,Employee_108,24.0,Female,2019-11-12,56790.17,8.0,5,No,0,False,False,False,False,True,False,False,False,True,False,0.4471866290372898,-0.32359220230791386,2019,7,6310.018888888889,0
249,Employee_94,22.0,Female,2022-03-11,56664.08,1.9,5,No,0,False,False,False,False,True,False,False,False,True,False,0.44544992035436626,-0.3323025906576553,2022,4,19539.337931034483,0
250,Employee_13,22.0,Female,2016-10-01,43556.01,13.8,3,No,0,False,False,False,False,True,False,True,False,False,False,0.2649050794837944,-1.237817542006681,2016,10,2942.9736486486486,0
251,Employee_17,37.0,Male,2023-06-04,43548.72,6.3,4,No,1,False,False,False,False,True,False,False,False,True,False,0.26480467020234055,-1.2383211404765804,2023,3,5965.5780821917815,0
252,Employee_48,37.0,Male,2020-10-13,55704.8,9.1,5,No,1,False,False,False,False,True,False,False,False,True,False,0.4322372158944173,-0.39857034651569484,2020,6,5515.3267326732675,0
253,Employee_187,34.0,Female,2023-09-30,52070.75,3.0,3,No,0,True,False,False,False,False,False,True,False,False,False,0.3821833956931442,-0.6496131475497089,2023,3,13017.6875,0
254,Employee_204,50.5,Female,2021-05-01,96221.86,1.0,5,No,0,False,False,False,True,False,False,True,False,False,False,0.9903015343061601,2.4003774478358424,2021,5,48110.93,0
255,Employee_267,29.0,Male,2017-03-30,54441.14,6.4,4,No,1,False,False,False,True,False,False,False,True,False,False,0.41483211402858144,-0.4858648928083003,2017,9,7356.91081081081,0
256,Employee_120,21.0,Male,2022-03-20,57333.9,1.3,4,No,1,False,True,False,False,False,False,False,False,False,True,0.45467572898309083,-0.2860309408485984,2022,4,24927.782608695656,0
257,Employee_22,30.0,Male,2022-09-28,59620.69,1.0,3,No,1,False,True,False,False,False,False,True,False,False,False,0.4861729773693457,-0.12805783454115277,2022,4,29810.345,0
258,Employee_84,37.0,Male,2017-04-16,61895.69,8.1,3,No,1,False,False,False,False,True,False,True,False,False,False,0.5175078354362121,0.029100810043369098,2017,9,6801.724175824176,0
259,Employee_131,36.0,Female,2017-05-18,96925.99625000001,8.4,4,No,0,False,False,True,False,False,True,False,False,False,False,1.0,2.449019689001921,2017,9,10311.27619680851,0
260,Employee_230,31.0,Female,2021-05-09,28982.18,4.3,2,No,0,False,True,False,False,False,False,False,False,True,False,0.06417149946593004,-2.244588253745249,2021,5,5468.335849056604,0
262,Employee_124,42.0,Female,2021-02-21,45069.67,6.3,3,No,0,True,False,False,False,False,False,False,False,True,False,0.2857535723459891,-1.1332528149905021,2021,5,6173.927397260274,0
263,Employee_34,45.0,Male,2020-02-12,61895.69,4.3,2,No,1,False,False,True,False,False,False,False,False,False,True,0.5175078354362121,0.029100810043369098,2020,6,11678.4320754717,0
264,Employee_5,33.0,Female,2023-01-24,40077.21,0.0,5,No,0,False,False,False,False,True,True,False,False,False,False,0.2169896050912602,-1.4781355608113558,2023,3,40077.21,0
265,Employee_20,33.0,Male,2023-02-11,64454.77,6.6,4,No,1,False,False,True,False,False,False,False,False,True,False,0.5527554875600612,0.205883906387702,2023,3,8480.890789473684,0
266,Employee_220,45.0,Female,2015-08-13,64502.33,4.4,4,No,0,False,False,False,True,False,False,False,False,False,True,0.5534105582632086,0.20916938556855502,2015,11,11944.875925925926,0
268,Employee_150,49.0,Male,2015-09-28,78927.31,4.2,4,No,1,False,True,False,False,False,True,False,False,False,False,0.7520939432818408,1.205657431704307,2015,11,15178.328846153845,0
269,Employee_225,34.0,Female,2015-10-28,73537.04,7.7,2,No,0,False,False,False,False,True,False,True,False,False,False,0.6778507145380654,0.8332936835088733,2015,11,8452.533333333333,0
270,Employee_248,35.0,Female,2018-02-15,50188.8,6.9,4,No,0,False,False,True,False,False,False,False,False,False,True,0.3562622369507533,-0.7796196140006278,2018,8,6353.012658227848,0
271,Employee_277,30.0,Female,2016-07-13,64950.98,0.0,2,Yes,0,False,False,False,False,True,False,False,False,True,False,0.5595900677452744,0.2401624518950807,2016,10,64950.98,1
272,Employee_152,25.0,Female,2019-04-21,71596.25,9.5,3,Yes,0,True,False,False,False,False,False,True,False,False,False,0.6511191192907716,0.6992225073228544,2019,7,6818.690476190476,1
273,Employee_234,33.0,Male,2015-08-15,62201.9,3.6,3,No,1,False,False,False,False,True,False,False,False,False,True,0.5217254384641925,0.0502540182008312,2015,11,13522.152173913044,0
274,Employee_11,30.0,Female,2023-05-12,67521.72,3.7,4,No,0,False,False,False,True,False,False,True,False,False,False,0.5949983196251938,0.41775102946836135,2023,3,14366.32340425532,0
275,Employee_72,29.0,Male,2016-02-10,50933.78,12.2,4,No,1,False,True,False,False,False,True,False,False,False,False,0.3665232666486232,-0.728155857058836,2016,10,3858.619696969697,0
276,Employee_253,40.0,Female,2021-07-09,57971.19,4.4,3,No,0,True,False,False,False,False,False,False,False,False,True,0.4634534835753693,-0.2420064869552929,2021,5,10735.405555555555,0
277,Employee_93,31.0,Female,2022-09-19,59035.61,6.0,3,No,0,True,False,False,False,False,False,False,False,True,False,0.4781143405527468,-0.16847558389214717,2022,4,8433.658571428572,0
278,Employee_193,40.0,Female,2021-09-06,62716.75,5.166323024054982,3,Yes,0,False,False,False,True,False,False,False,False,False,True,0.5288167578820941,0.08582022838295905,2021,5,10170.850562862239,1
279,Employee_258,26.0,Female,2018-01-16,54914.32,6.3,3,No,0,False,True,False,False,False,False,False,True,False,False,0.42134948903520997,-0.4531772763491776,2018,8,7522.509589041096,0
281,Employee_196,37.0,Male,2021-08-14,68651.37,5.166323024054982,3,No,1,False,True,False,False,False,True,False,False,False,False,0.6105576261813412,0.49578806808590165,2021,5,11133.275005572894,0
282,Employee_138,29.0,Male,2023-08-16,40755.12,5.2,3,No,1,True,False,False,False,False,False,False,False,False,True,0.22632684185262697,-1.4313050479540836,2023,3,6573.406451612904,0
283,Employee_261,27.0,Male,2019-03-10,68343.26,9.7,3,Yes,1,False,False,False,True,False,True,False,False,False,False,0.6063138533817886,0.4745036065549402,2019,7,6387.2205607476635,1
284,Employee_39,27.0,Female,2025-04-21,68276.06,7.6,4,No,0,False,False,True,False,False,False,False,False,False,True,0.6053882698819674,0.46986138197644384,2025,1,7939.076744186046,0
285,Employee_202,42.0,Female,2018-08-12,96925.99625000001,5.3,3,No,0,False,False,True,False,False,True,False,False,False,False,1.0,2.449019689001921,2018,8,15385.078769841271,0
287,Employee_252,39.0,Male,2019-03-29,63348.58,8.2,5,No,1,False,False,True,False,False,False,True,False,False,False,0.5375193088150121,0.12946750152926179,2019,7,6885.7152173913055,0
288,Employee_113,32.0,Female,2020-08-28,62270.54,8.1,4,No,0,False,False,False,True,False,True,False,False,False,False,0.5226708558961528,0.0549957190202956,2020,6,6842.916483516484,0
289,Employee_184,29.0,Female,2018-11-29,46375.47,5.7,2,No,0,True,False,False,False,False,False,False,True,False,False,0.3037390921981713,-1.043047207035131,2018,8,6921.711940298507,0
290,Employee_153,27.0,Male,2019-06-02,51498.07,2.3,5,Yes,1,False,False,True,False,False,True,False,False,False,False,0.3742955510699648,-0.689174295936814,2019,7,15605.475757575758,1
291,Employee_192,39.0,Female,2021-03-03,54005.46,10.2,4,No,0,False,False,True,False,False,False,False,False,False,True,0.4088312476714068,-0.5159619821588869,2021,5,4821.916071428572,0
292,Employee_45,32.0,Male,2024-02-28,66682.6,1.5,4,No,1,False,True,False,False,False,False,False,False,True,False,0.5834406466137348,0.35978401327330056,2024,2,26673.04,0
294,Employee_7,36.0,Male,2018-09-24,73414.98,7.7,2,Yes,1,True,False,False,False,False,True,False,False,False,False,0.6761695133180032,0.8248616904723958,2018,8,8438.503448275862,1
295,Employee_251,31.0,Male,2017-12-21,63829.1,6.2,3,No,1,True,False,False,False,False,False,False,False,True,False,0.5441377817812937,0.16266217049442835,2017,9,8865.152777777777,0
296,Employee_76,30.0,Female,2023-04-06,77156.31,0.6,2,No,0,False,False,True,False,False,False,True,False,False,False,0.7277009614636338,1.0833154714585098,2023,3,48222.69375,0
297,Employee_1,24.0,Male,2015-03-20,64185.62,6.0,3,No,1,True,False,False,False,False,False,False,False,False,True,0.5490483328133813,0.1872908298207028,2015,11,9169.374285714286,0
298,Employee_69,33.0,Male,2023-07-17,59868.14,7.7,4,No,1,False,False,False,False,True,False,True,False,False,False,0.4895812457775417,-0.11096380966095958,2023,3,6881.395402298851,0
299,Employee_168,41.0,Male,2023-08-18,64525.84,1.9,4,No,1,False,False,False,False,True,False,False,False,False,True,0.5537343747525062,0.21079347336379953,2023,3,22250.28965517241,0
300,Employee_219,38.0,Female,2017-03-19,61895.69,1.0,3,Yes,0,False,False,False,False,True,False,True,False,False,False,0.5175078354362121,0.029100810043369098,2017,9,30947.845,1
301,Employee_43,37.0,Male,2019-08-05,49512.8,7.0,3,No,1,True,False,False,False,False,False,False,False,True,False,0.34695130769659865,-0.8263181826771715,2019,7,6189.1,0
302,Employee_73,33.0,Female,2016-06-15,67320.66,5.3,4,No,0,True,False,False,False,False,True,False,False,False,False,0.592229006850282,0.4038616593232345,2016,10,10685.819047619048,0
303,Employee_24,34.0,Female,2015-04-03,61895.69,5.166323024054982,3,No,0,False,False,False,False,True,True,False,False,False,False,0.5175078354362121,0.029100810043369098,2015,11,10037.698277975927,0
305,Employee_104,33.0,Female,2015-09-06,79168.9,1.9,4,No,0,False,False,True,False,False,True,False,False,False,False,0.7554214986050822,1.2223466435483394,2015,11,27299.62068965517,0
306,Employee_212,21.0,Female,2024-04-20,61895.69,4.0,2,No,0,False,False,True,False,False,False,False,True,False,False,0.5175078354362121,0.029100810043369098,2024,2,12379.138,0
307,Employee_68,45.0,Male,2015-11-30,25830.74,4.4,4,No,1,False,False,False,False,True,False,False,False,False,True,0.02076493897966819,-2.4622920071032466,2015,11,4783.470370370371,0
308,Employee_26,33.0,Male,2024-09-04,35674.58,1.0,4,Yes,1,False,False,False,True,False,False,False,False,True,False,0.1563496990820608,-1.782272423847467,2024,2,17837.29,1
309,Employee_197,34.0,Male,2021-02-06,67676.07,5.1,3,No,1,False,False,True,False,False,True,False,False,False,False,0.5971242692263459,0.42841363904709623,2021,5,11094.437704918035,0
310,Employee_176,28.0,Male,2016-07-21,93276.32,5.166323024054982,3,Yes,1,True,False,False,False,False,False,False,False,True,False,0.9497309506444995,2.19689741532178,2016,10,15126.732679447172,1
